,precision,recall,f1-score,support
0,0.9122807017543859,0.9541284403669725,0.9327354260089686,109.0
1,0.9519230769230769,0.908256880733945,0.9295774647887324,109.0
accuracy,0.9311926605504587,0.9311926605504587,0.9311926605504587,0.9311926605504587
macro avg,0.9321018893387314,0.9311926605504588,0.9311564453988506,218.0
weighted avg,0.9321018893387314,0.9311926605504587,0.9311564453988505,218.0
