{
  "dataset_rows": 1086,
  "dataset_columns": 13,
  "train_rows": 868,
  "test_rows": 218,
  "best_model_name": "random_forest",
  "best_model_f1": 0.9295774647887324,
  "best_model_roc_auc": 0.9773588081811295,
  "best_model_pr_auc": 0.9802897965799636
}