{
  "cluster_count": 3,
  "cluster_rows": 101,
  "top_cluster_average_late_minutes": 5.069924242424242,
  "top_cluster_average_late_rate": 0.4318181818181818
}